event_ticker,meeting_date,last_quote_date,implied_upper_bound,most_likely,realized,error_bp
FED-21JUL,2021-07-26,2021-07-25,0.2512,0.25,0.25,0.1
FED-21SEP,2021-09-20,2021-09-19,0.2512,0.25,0.25,0.1
FED-21DEC,2021-12-14,2021-12-13,0.2525,0.25,0.25,0.3
FED-22JAN,2022-01-26,2022-01-25,0.2612,0.25,0.25,1.1
FED-22MAR,2022-03-16,2022-03-15,0.5112,0.5,0.5,1.1
FED-22MAY,2022-05-04,2022-05-03,0.9962,1.0,1.0,-0.4
FED-22JUN,2022-06-15,2022-06-14,1.7125,1.75,1.75,-3.8
FED-22JUL,2022-07-27,2022-07-26,2.5088,2.5,2.5,0.9
FED-22SEP,2022-09-21,2022-09-20,3.2513,3.25,3.25,0.1
FED-22NOV,2022-11-02,2022-11-01,3.98,4.0,4.0,-2.0
FED-22DEC,2022-12-14,2022-12-13,4.4788,4.5,4.5,-2.1
FED-23FEB,2023-02-01,2023-01-31,4.7425,4.75,4.75,-0.8
FED-23MAR,2023-03-22,2023-03-21,4.9638,5.0,5.0,-3.6
FED-23MAY,2023-05-03,2023-05-02,5.2338,5.25,5.25,-1.6
FED-23JUN,2023-06-14,2023-06-13,5.2562,5.25,5.25,0.6
FED-23JUL,2023-07-26,2023-07-25,5.4925,5.5,5.5,-0.8
FED-23SEP,2023-09-20,2023-09-19,5.4962,5.5,5.5,-0.4
FED-23NOV,2023-11-01,2023-10-31,5.4962,5.5,5.5,-0.4
FED-23DEC,2023-12-13,2023-12-12,5.4938,5.5,5.5,-0.6
FED-24JAN,2024-01-31,2024-01-30,5.5038,5.5,5.5,0.4
FED-24MAR,2024-03-20,2024-03-19,5.4988,5.5,5.5,-0.1
FED-24MAY,2024-05-01,2024-04-30,5.4963,5.5,5.5,-0.4
FED-24JUN,2024-06-12,2024-06-11,5.4937,5.5,5.5,-0.6
FED-24JUL,2024-07-31,2024-07-30,5.4828,5.5,5.5,-1.7
FED-24SEP,2024-09-18,2024-09-17,5.1048,5.0,5.0,10.5
FED-24NOV,2024-11-07,2024-11-06,4.7494,4.75,4.75,-0.1
FED-24DEC,2024-12-18,2024-12-17,4.5021,4.5,4.5,0.2
FED-25JAN,2025-01-29,2025-01-28,4.4987,4.5,4.5,-0.1
FED-25MAR,2025-03-19,2025-03-18,4.4962,4.5,4.5,-0.4
FED-25MAY,2025-05-07,2025-05-06,4.4888,4.5,4.5,-1.1
FED-25JUN,2025-06-18,2025-06-17,4.4938,4.5,4.5,-0.6
FED-25JUL,2025-07-30,2025-07-29,4.4912,4.5,4.5,-0.9
FED-25SEP,2025-09-17,2025-09-16,4.2412,4.25,4.25,-0.9
FED-25OCT,2025-10-29,2025-10-28,4.0012,4.0,4.0,0.1
FED-25DEC,2025-12-10,2025-12-09,3.7612,3.75,3.75,1.1
KXFED-26JAN,2026-01-28,2026-01-27,3.7538,3.75,3.75,0.4
KXFED-26MAR,2026-03-18,2026-03-17,3.7538,3.75,3.75,0.4
KXFED-26APR,2026-04-29,2026-04-28,3.7538,3.75,3.75,0.4
KXFED-26JUN,2026-06-17,2026-06-16,3.7538,3.75,3.75,0.4
KXFED-26JUL,2026-07-29,2026-07-28,3.8162,3.75,3.75,6.6
KXFED-26SEP,2026-09-16,2026-09-15,3.9688,4.0,4.0,-3.1
KXFED-26OCT,2026-10-28,2026-09-27,4.1639,4.25,,
KXFED-26DEC,2026-12-09,2026-09-27,4.3461,4.25,,
KXFED-27JAN,2027-01-27,2026-09-27,4.6511,6.0,,
KXFED-27MAR,2027-03-17,2026-09-27,4.6538,5.75,,
KXFED-27APR,2027-04-28,2026-09-27,3.9516,4.5,,
KXFED-27JUN,2027-06-09,2026-09-27,0.24,0.25,,
KXFED-27SEP,2027-09-15,2026-09-27,3.2175,3.25,,
KXFED-27OCT,2027-10-27,2026-09-27,3.4353,3.5,,
KXFED-27DEC,2027-12-08,2026-09-27,3.465,3.5,,
KXFED-28JAN,2028-01-26,2026-09-27,3.3675,3.5,,
