survey_due,meeting_date,median_mode_mid,source
2021-03-08,2021-03-17,0.13,mar-2021-spd-results.pdf
2021-03-08,2021-04-28,0.13,mar-2021-spd-results.pdf
2021-03-08,2021-06-16,0.13,mar-2021-spd-results.pdf
2021-03-08,2021-07-28,0.13,mar-2021-spd-results.pdf
2021-03-08,2021-09-22,0.13,mar-2021-spd-results.pdf
2021-03-08,2021-11-03,0.13,mar-2021-spd-results.pdf
2021-03-08,2021-12-15,0.13,mar-2021-spd-results.pdf
2021-04-19,2021-04-28,0.13,apr-2021-spd-results.pdf
2021-04-19,2021-06-16,0.13,apr-2021-spd-results.pdf
2021-04-19,2021-07-28,0.13,apr-2021-spd-results.pdf
2021-04-19,2021-09-22,0.13,apr-2021-spd-results.pdf
2021-04-19,2021-11-03,0.13,apr-2021-spd-results.pdf
2021-04-19,2021-12-15,0.13,apr-2021-spd-results.pdf
2021-04-19,2022-01-26,0.13,apr-2021-spd-results.pdf
2021-07-19,2021-07-28,0.13,jul-2021-spd-results.pdf
2021-07-19,2021-09-22,0.13,jul-2021-spd-results.pdf
2021-07-19,2021-11-03,0.13,jul-2021-spd-results.pdf
2021-07-19,2021-12-15,0.13,jul-2021-spd-results.pdf
2021-07-19,2022-01-26,0.13,jul-2021-spd-results.pdf
2021-07-19,2022-03-16,0.13,jul-2021-spd-results.pdf
2021-07-19,2022-05-04,0.13,jul-2021-spd-results.pdf
2021-10-25,2021-11-03,0.13,nov-2021-spd-results.pdf
2021-10-25,2021-12-15,0.13,nov-2021-spd-results.pdf
2021-10-25,2022-01-26,0.13,nov-2021-spd-results.pdf
2021-10-25,2022-03-16,0.13,nov-2021-spd-results.pdf
2021-10-25,2022-05-04,0.13,nov-2021-spd-results.pdf
2021-10-25,2022-06-15,0.13,nov-2021-spd-results.pdf
2021-10-25,2022-07-27,0.13,nov-2021-spd-results.pdf
2021-12-06,2021-12-15,0.13,dec-2021-spd-results.pdf
2021-12-06,2022-01-26,0.13,dec-2021-spd-results.pdf
2021-12-06,2022-03-16,0.13,dec-2021-spd-results.pdf
2021-12-06,2022-05-04,0.13,dec-2021-spd-results.pdf
2021-12-06,2022-06-15,0.38,dec-2021-spd-results.pdf
2021-12-06,2022-07-27,0.38,dec-2021-spd-results.pdf
2021-12-06,2022-09-21,0.63,dec-2021-spd-results.pdf
2022-01-18,2022-01-26,0.13,jan-2022-spd-results.pdf
2022-01-18,2022-03-16,0.38,jan-2022-spd-results.pdf
2022-01-18,2022-05-04,0.38,jan-2022-spd-results.pdf
2022-01-18,2022-06-15,0.63,jan-2022-spd-results.pdf
2022-01-18,2022-07-27,0.63,jan-2022-spd-results.pdf
2022-01-18,2022-09-21,0.88,jan-2022-spd-results.pdf
2022-01-18,2022-11-02,0.88,jan-2022-spd-results.pdf
2022-01-18,2022-12-14,1.13,jan-2022-spd-results.pdf
2022-03-07,2022-03-16,0.38,mar-2022-spd-results.pdf
2022-03-07,2022-05-04,0.63,mar-2022-spd-results.pdf
2022-03-07,2022-07-27,0.88,mar-2022-spd-results.pdf
2022-03-07,2022-09-21,1.13,mar-2022-spd-results.pdf
2022-03-07,2022-11-02,1.38,mar-2022-spd-results.pdf
2022-03-07,2022-12-14,1.63,mar-2022-spd-results.pdf
2022-03-07,2023-02-01,1.63,mar-2022-spd-results.pdf
2022-04-25,2022-05-04,0.88,may-2022-spd-results.pdf
2022-04-25,2022-06-15,1.38,may-2022-spd-results.pdf
2022-04-25,2022-07-27,1.63,may-2022-spd-results.pdf
2022-04-25,2022-09-21,1.88,may-2022-spd-results.pdf
2022-04-25,2022-11-02,2.13,may-2022-spd-results.pdf
2022-04-25,2022-12-14,2.38,may-2022-spd-results.pdf
2022-04-25,2023-02-01,2.63,may-2022-spd-results.pdf
2022-06-06,2022-06-15,1.38,jun-2022-spd-results.pdf
2022-06-06,2022-07-27,1.88,jun-2022-spd-results.pdf
2022-06-06,2022-09-21,2.13,jun-2022-spd-results.pdf
2022-06-06,2022-11-02,2.38,jun-2022-spd-results.pdf
2022-06-06,2022-12-14,2.63,jun-2022-spd-results.pdf
2022-06-06,2023-02-01,2.88,jun-2022-spd-results.pdf
2022-07-18,2022-07-27,2.38,jul-2022-spd-results.pdf
2022-07-18,2022-09-21,2.88,jul-2022-spd-results.pdf
2022-07-18,2022-11-02,3.13,jul-2022-spd-results.pdf
2022-07-18,2022-12-14,3.38,jul-2022-spd-results.pdf
2022-07-18,2023-02-01,3.38,jul-2022-spd-results.pdf
2022-07-18,2023-03-22,3.63,jul-2022-spd-results.pdf
2022-07-18,2023-05-03,3.63,jul-2022-spd-results.pdf
2022-07-18,2023-06-14,3.63,jul-2022-spd-results.pdf
2022-09-12,2022-09-21,3.13,sep-2022-spd-results.pdf
2022-09-12,2022-11-02,3.63,sep-2022-spd-results.pdf
2022-09-12,2022-12-14,3.88,sep-2022-spd-results.pdf
2022-09-12,2023-02-01,3.88,sep-2022-spd-results.pdf
2022-09-12,2023-03-22,3.88,sep-2022-spd-results.pdf
2022-09-12,2023-05-03,3.88,sep-2022-spd-results.pdf
2022-09-12,2023-06-14,3.88,sep-2022-spd-results.pdf
2023-07-17,2023-07-26,5.38,jul-2023-data.xlsx
2023-07-17,2023-09-20,5.38,jul-2023-data.xlsx
2023-07-17,2023-11-01,5.38,jul-2023-data.xlsx
2023-07-17,2023-12-13,5.38,jul-2023-data.xlsx
2023-07-17,2024-01-31,5.38,jul-2023-data.xlsx
2023-07-17,2024-03-20,5.38,jul-2023-data.xlsx
2023-07-17,2024-05-01,5.13,jul-2023-data.xlsx
2023-09-11,2023-09-20,5.38,sep-2023-data.xlsx
2023-09-11,2023-11-01,5.38,sep-2023-data.xlsx
2023-09-11,2023-12-13,5.38,sep-2023-data.xlsx
2023-09-11,2024-01-31,5.38,sep-2023-data.xlsx
2023-09-11,2024-03-20,5.38,sep-2023-data.xlsx
2023-09-11,2024-05-01,5.38,sep-2023-data.xlsx
2023-09-11,2024-06-12,5.13,sep-2023-data.xlsx
2023-10-23,2023-11-01,5.38,oct-2023-data.xlsx
2023-10-23,2023-12-13,5.38,oct-2023-data.xlsx
2023-10-23,2024-01-31,5.38,oct-2023-data.xlsx
2023-10-23,2024-03-20,5.38,oct-2023-data.xlsx
2023-10-23,2024-05-01,5.38,oct-2023-data.xlsx
2023-10-23,2024-06-12,5.13,oct-2023-data.xlsx
2023-10-23,2024-07-31,4.88,oct-2023-data.xlsx
2023-12-04,2023-12-13,5.38,dec-2023-data.xlsx
2023-12-04,2024-01-31,5.38,dec-2023-data.xlsx
2023-12-04,2024-03-20,5.38,dec-2023-data.xlsx
2023-12-04,2024-05-01,5.38,dec-2023-data.xlsx
2023-12-04,2024-06-12,5.13,dec-2023-data.xlsx
2023-12-04,2024-07-31,5.0,dec-2023-data.xlsx
2023-12-04,2024-09-18,4.75,dec-2023-data.xlsx
2024-01-22,2024-01-31,5.38,jan-2024-data.xlsx
2024-01-22,2024-03-20,5.38,jan-2024-data.xlsx
2024-01-22,2024-05-01,5.38,jan-2024-data.xlsx
2024-01-22,2024-06-12,5.0,jan-2024-data.xlsx
2024-01-22,2024-07-31,4.88,jan-2024-data.xlsx
2024-01-22,2024-09-18,4.63,jan-2024-data.xlsx
2024-03-11,2024-03-20,5.38,mar-2024-data.xlsx
2024-03-11,2024-05-01,5.38,mar-2024-data.xlsx
2024-03-11,2024-06-12,5.13,mar-2024-data.xlsx
2024-03-11,2024-07-31,5.13,mar-2024-data.xlsx
2024-03-11,2024-09-18,4.88,mar-2024-data.xlsx
2024-03-11,2024-11-07,4.63,mar-2024-data.xlsx
2024-04-22,2024-05-01,5.38,apr-may-2024-data.xlsx
2024-04-22,2024-06-12,5.38,apr-may-2024-data.xlsx
2024-04-22,2024-07-31,5.38,apr-may-2024-data.xlsx
2024-04-22,2024-09-18,5.13,apr-may-2024-data.xlsx
2024-04-22,2024-11-07,5.13,apr-may-2024-data.xlsx
2024-04-22,2024-12-18,4.88,apr-may-2024-data.xlsx
2024-06-03,2024-06-12,5.38,jun-2024-data.xlsx
2024-06-03,2024-07-31,5.38,jun-2024-data.xlsx
2024-06-03,2024-09-18,5.13,jun-2024-data.xlsx
2024-06-03,2024-11-07,5.13,jun-2024-data.xlsx
2024-06-03,2024-12-18,4.88,jun-2024-data.xlsx
2024-06-03,2025-01-29,4.88,jun-2024-data.xlsx
2024-07-22,2024-07-31,5.38,jul-2024-data.xlsx
2024-07-22,2024-09-18,5.13,jul-2024-data.xlsx
2024-07-22,2024-11-07,5.13,jul-2024-data.xlsx
2024-07-22,2024-12-18,4.88,jul-2024-data.xlsx
2024-07-22,2025-01-29,4.88,jul-2024-data.xlsx
2024-09-09,2024-09-18,5.13,sep-2024-data.xlsx
2024-09-09,2024-11-07,4.88,sep-2024-data.xlsx
2024-09-09,2024-12-18,4.63,sep-2024-data.xlsx
2024-09-09,2025-01-29,4.38,sep-2024-data.xlsx
2024-09-09,2025-03-19,4.130000000000001,sep-2024-data.xlsx
2024-09-09,2025-05-07,4.130000000000001,sep-2024-data.xlsx
2024-09-09,2025-06-18,3.88,sep-2024-data.xlsx
2024-10-28,2024-11-07,4.63,nov-2024-data.xlsx
2024-10-28,2024-12-18,4.38,nov-2024-data.xlsx
2024-10-28,2025-01-29,4.130000000000001,nov-2024-data.xlsx
2024-10-28,2025-03-19,3.88,nov-2024-data.xlsx
2024-10-28,2025-05-07,3.88,nov-2024-data.xlsx
2024-10-28,2025-06-18,3.63,nov-2024-data.xlsx
2024-10-28,2025-07-30,3.63,nov-2024-data.xlsx
2024-12-09,2024-12-18,4.38,dec-2024-data.xlsx
2024-12-09,2025-01-29,4.38,dec-2024-data.xlsx
2024-12-09,2025-03-19,4.130000000000001,dec-2024-data.xlsx
2024-12-09,2025-05-07,4.130000000000001,dec-2024-data.xlsx
2024-12-09,2025-06-18,3.88,dec-2024-data.xlsx
2024-12-09,2025-07-30,3.88,dec-2024-data.xlsx
2024-12-09,2025-09-17,3.75,dec-2024-data.xlsx
2025-01-21,2025-01-29,4.38,jan-2025-data.xlsx
2025-01-21,2025-03-19,4.38,jan-2025-data.xlsx
2025-01-21,2025-05-07,4.38,jan-2025-data.xlsx
2025-01-21,2025-06-18,4.130000000000001,jan-2025-data.xlsx
2025-01-21,2025-07-30,4.130000000000001,jan-2025-data.xlsx
2025-01-21,2025-09-17,3.88,jan-2025-data.xlsx
2025-01-21,2025-10-29,3.88,jan-2025-data.xlsx
2025-03-10,2025-03-19,4.38,mar-2025-data.xlsx
2025-03-10,2025-05-07,4.38,mar-2025-data.xlsx
2025-03-10,2025-06-18,4.38,mar-2025-data.xlsx
2025-03-10,2025-07-30,4.130000000000001,mar-2025-data.xlsx
2025-03-10,2025-09-17,4.130000000000001,mar-2025-data.xlsx
2025-03-10,2025-10-29,4.130000000000001,mar-2025-data.xlsx
2025-03-10,2025-12-10,3.88,mar-2025-data.xlsx
2025-04-28,2025-05-07,4.38,may-2025-data.xlsx
2025-04-28,2025-06-18,4.38,may-2025-data.xlsx
2025-04-28,2025-07-30,4.38,may-2025-data.xlsx
2025-04-28,2025-09-17,4.130000000000001,may-2025-data.xlsx
2025-04-28,2025-10-29,3.88,may-2025-data.xlsx
2025-04-28,2025-12-10,3.88,may-2025-data.xlsx
2025-04-28,2026-01-28,3.88,may-2025-data.xlsx
2025-06-09,2025-06-18,4.38,jun-2025-data.xlsx
2025-06-09,2025-07-30,4.38,jun-2025-data.xlsx
2025-06-09,2025-09-17,4.130000000000001,jun-2025-data.xlsx
2025-06-09,2025-10-29,4.130000000000001,jun-2025-data.xlsx
2025-06-09,2025-12-10,3.88,jun-2025-data.xlsx
2025-06-09,2026-01-28,3.88,jun-2025-data.xlsx
2025-06-09,2026-03-18,3.63,jun-2025-data.xlsx
2025-07-21,2025-07-30,4.38,jul-2025-data.xlsx
2025-07-21,2025-09-17,4.38,jul-2025-data.xlsx
2025-07-21,2025-10-29,4.130000000000001,jul-2025-data.xlsx
2025-07-21,2025-12-10,3.88,jul-2025-data.xlsx
2025-07-21,2026-01-28,3.88,jul-2025-data.xlsx
2025-07-21,2026-03-18,3.63,jul-2025-data.xlsx
2025-07-21,2026-04-29,3.63,jul-2025-data.xlsx
2025-09-08,2025-09-17,4.130000000000001,sep-2025-data.xlsx
2025-09-08,2025-10-29,3.88,sep-2025-data.xlsx
2025-09-08,2025-12-10,3.63,sep-2025-data.xlsx
2025-09-08,2026-01-28,3.63,sep-2025-data.xlsx
2025-09-08,2026-03-18,3.38,sep-2025-data.xlsx
2025-09-08,2026-04-29,3.38,sep-2025-data.xlsx
2025-09-08,2026-06-17,3.38,sep-2025-data.xlsx
2025-10-20,2025-10-29,3.88,oct-2025-data.xlsx
2025-10-20,2025-12-10,3.63,oct-2025-data.xlsx
2025-10-20,2026-01-28,3.63,oct-2025-data.xlsx
2025-10-20,2026-03-18,3.38,oct-2025-data.xlsx
2025-10-20,2026-04-29,3.38,oct-2025-data.xlsx
2025-10-20,2026-06-17,3.1300000000000003,oct-2025-data.xlsx
2025-10-20,2026-07-29,3.1300000000000003,oct-2025-data.xlsx
2025-12-01,2025-12-10,3.63,dec-2025-data.xlsx
2025-12-01,2026-01-28,3.63,dec-2025-data.xlsx
2025-12-01,2026-03-18,3.38,dec-2025-data.xlsx
2025-12-01,2026-04-29,3.38,dec-2025-data.xlsx
2025-12-01,2026-06-17,3.1300000000000003,dec-2025-data.xlsx
2025-12-01,2026-07-29,3.1300000000000003,dec-2025-data.xlsx
2025-12-01,2026-09-16,3.1300000000000003,dec-2025-data.xlsx
2026-01-20,2026-01-28,3.63,jan-2026-data.xlsx
2026-01-20,2026-03-18,3.63,jan-2026-data.xlsx
2026-01-20,2026-04-29,3.63,jan-2026-data.xlsx
2026-01-20,2026-06-17,3.38,jan-2026-data.xlsx
2026-01-20,2026-07-29,3.38,jan-2026-data.xlsx
2026-01-20,2026-09-16,3.1300000000000003,jan-2026-data.xlsx
2026-01-20,2026-10-28,3.1300000000000003,jan-2026-data.xlsx
2026-03-09,2026-03-18,3.63,mar-2026-data.xlsx
2026-03-09,2026-04-29,3.63,mar-2026-data.xlsx
2026-03-09,2026-06-17,3.38,mar-2026-data.xlsx
2026-03-09,2026-07-29,3.38,mar-2026-data.xlsx
2026-03-09,2026-09-16,3.25,mar-2026-data.xlsx
2026-03-09,2026-10-28,3.1300000000000003,mar-2026-data.xlsx
2026-03-09,2026-12-09,3.1300000000000003,mar-2026-data.xlsx
2026-04-20,2026-04-29,3.63,apr-2026-data.xlsx
2026-04-20,2026-06-17,3.63,apr-2026-data.xlsx
2026-04-20,2026-07-29,3.63,apr-2026-data.xlsx
2026-04-20,2026-09-16,3.38,apr-2026-data.xlsx
2026-04-20,2026-10-28,3.38,apr-2026-data.xlsx
2026-04-20,2026-12-09,3.1300000000000003,apr-2026-data.xlsx
2026-04-20,2027-01-27,3.1300000000000003,apr-2026-data.xlsx
2026-06-08,2026-06-17,3.63,jun-2026-data.xlsx
2026-06-08,2026-07-29,3.63,jun-2026-data.xlsx
2026-06-08,2026-09-16,3.63,jun-2026-data.xlsx
2026-06-08,2026-10-28,3.63,jun-2026-data.xlsx
2026-06-08,2026-12-09,3.63,jun-2026-data.xlsx
2026-06-08,2027-01-27,3.63,jun-2026-data.xlsx
2026-06-08,2027-03-17,3.63,jun-2026-data.xlsx
2026-07-20,2026-07-29,3.63,jul-2026-data.xlsx
2026-07-20,2026-09-16,3.63,jul-2026-data.xlsx
2026-07-20,2026-10-28,3.63,jul-2026-data.xlsx
2026-07-20,2026-12-09,3.63,jul-2026-data.xlsx
2026-07-20,2027-01-27,3.63,jul-2026-data.xlsx
2026-07-20,2027-03-17,3.63,jul-2026-data.xlsx
2026-07-20,2027-04-28,3.63,jul-2026-data.xlsx
