event_ticker,meeting_date,upper_bound
FED-21JUL,2021-07-26,0.25
FED-21SEP,2021-09-20,0.25
FED-21DEC,2021-12-14,0.25
FED-22JAN,2022-01-26,0.25
FED-22MAR,2022-03-16,0.5
FED-22MAY,2022-05-04,1.0
FED-22JUN,2022-06-15,1.75
FED-22JUL,2022-07-27,2.5
FED-22SEP,2022-09-21,3.25
FED-22NOV,2022-11-02,4.0
FED-22DEC,2022-12-14,4.5
FED-23FEB,2023-02-01,4.75
FED-23MAR,2023-03-22,5.0
FED-23MAY,2023-05-03,5.25
FED-23JUN,2023-06-14,5.25
FED-23JUL,2023-07-26,5.5
FED-23SEP,2023-09-20,5.5
FED-23NOV,2023-11-01,5.5
FED-23DEC,2023-12-13,5.5
FED-24JAN,2024-01-31,5.5
FED-24MAR,2024-03-20,5.5
FED-24MAY,2024-05-01,5.5
FED-24JUN,2024-06-12,5.5
FED-24JUL,2024-07-31,5.5
FED-24SEP,2024-09-18,5.0
FED-24NOV,2024-11-07,4.75
FED-24DEC,2024-12-18,4.5
FED-25JAN,2025-01-29,4.5
FED-25MAR,2025-03-19,4.5
FED-25MAY,2025-05-07,4.5
FED-25JUN,2025-06-18,4.5
FED-25JUL,2025-07-30,4.5
FED-25SEP,2025-09-17,4.25
FED-25OCT,2025-10-29,4.0
FED-25DEC,2025-12-10,3.75
KXFED-26JAN,2026-01-28,3.75
KXFED-26MAR,2026-03-18,3.75
KXFED-26APR,2026-04-29,3.75
KXFED-26JUN,2026-06-17,3.75
KXFED-26JUL,2026-07-29,3.75
KXFED-26SEP,2026-09-16,4.0
