survey_due,event_ticker,meeting_date,h,realized,survey,ours_mean,ours_mode,dkw_mean,dkw_mode
2021-07-19,FED-21JUL,2021-07-26,9,0.25,0.25,0.2525,0.25,0.2525,0.25
2021-12-06,FED-21DEC,2021-12-14,9,0.25,0.25,0.2537,0.25,0.2575,0.25
2022-01-18,FED-22JAN,2022-01-26,8,0.25,0.25,0.255,0.25,0.2575,0.25
2022-03-07,FED-22MAR,2022-03-16,9,0.5,0.5,0.51,0.5,0.5075,0.5
2022-04-25,FED-22MAY,2022-05-04,9,1.0,1.0,0.9912,1.0,0.99,1.0
2022-03-07,FED-22MAY,2022-05-04,58,1.0,0.75,0.7537,0.75,0.7575,0.75
2022-06-06,FED-22JUN,2022-06-15,9,1.75,1.5,1.5012,1.5,1.4975,1.5
2022-04-25,FED-22JUN,2022-06-15,51,1.75,1.5,1.5489,1.5,1.5375,1.5
2022-06-06,FED-22JUL,2022-07-27,51,2.5,2.0,1.9642,2.0,1.97,2.0
2022-07-18,FED-22JUL,2022-07-27,9,2.5,2.5,2.5189,2.5,2.5075,2.5
2022-07-18,FED-22SEP,2022-09-21,65,3.25,3.0,3.1512,3.25,3.1425,3.25
2022-09-12,FED-22SEP,2022-09-21,9,3.25,3.25,3.185,3.25,3.175,3.25
2022-09-12,FED-22NOV,2022-11-02,51,4.0,3.75,3.6938,3.75,3.7,3.75
2022-07-18,FED-22NOV,2022-11-02,107,4.0,3.25,3.5256,3.5,3.525,3.75
2022-07-18,FED-22DEC,2022-12-14,149,4.5,3.5,3.6475,4.0,3.6525,3.75
2022-06-06,FED-22DEC,2022-12-14,191,4.5,2.75,2.6949,3.0,2.6675,3.0
2022-03-07,FED-22DEC,2022-12-14,282,4.5,1.75,1.615,2.0,1.615,1.75
2022-09-12,FED-22DEC,2022-12-14,93,4.5,4.0,3.9259,4.0,3.9425,4.0
2022-09-12,FED-23FEB,2023-02-01,142,4.75,4.0,4.09,4.0,4.0125,4.0
2023-07-17,FED-23JUL,2023-07-26,9,5.5,5.5,5.4862,5.5,5.475,5.5
2023-09-11,FED-23SEP,2023-09-20,9,5.5,5.5,5.4988,5.5,5.4925,5.5
2023-07-17,FED-23SEP,2023-09-20,65,5.5,5.5,5.5352,5.5,5.51,5.5
2023-07-17,FED-23NOV,2023-11-01,107,5.5,5.5,5.5518,5.5,5.5225,5.5
2023-09-11,FED-23NOV,2023-11-01,51,5.5,5.5,5.6065,5.5,5.585,5.5
2023-10-23,FED-23NOV,2023-11-01,9,5.5,5.5,5.4962,5.5,5.49,5.5
2023-07-17,FED-23DEC,2023-12-13,149,5.5,5.5,5.5596,5.5,5.5375,5.5
2023-12-04,FED-23DEC,2023-12-13,9,5.5,5.5,5.4938,5.5,5.485,5.5
2023-09-11,FED-23DEC,2023-12-13,93,5.5,5.5,5.6122,5.5,5.6025,5.5
2023-10-23,FED-23DEC,2023-12-13,51,5.5,5.5,5.5373,5.5,5.52,5.5
2023-07-17,FED-24JAN,2024-01-31,198,5.5,5.5,5.6112,5.5,5.61,5.5
2024-01-22,FED-24JAN,2024-01-31,9,5.5,5.5,5.5038,5.5,5.5025,5.5
2023-12-04,FED-24JAN,2024-01-31,58,5.5,5.5,5.5038,5.5,5.5,5.5
2023-10-23,FED-24JAN,2024-01-31,100,5.5,5.5,5.5725,5.5,5.5675,5.5
2024-01-22,FED-24MAR,2024-03-20,58,5.5,5.5,5.4162,5.5,5.4075,5.5
2024-03-11,FED-24MAR,2024-03-20,9,5.5,5.5,5.4962,5.5,5.495,5.5
2023-09-11,FED-24MAR,2024-03-20,191,5.5,5.5,5.6253,5.5,5.5975,5.75
2023-12-04,FED-24MAR,2024-03-20,107,5.5,5.5,5.3788,5.5,5.3775,5.5
2024-03-11,FED-24MAY,2024-05-01,51,5.5,5.5,5.4137,5.5,5.3825,5.5
2024-04-22,FED-24MAY,2024-05-01,9,5.5,5.5,5.4939,5.5,5.4925,5.5
2024-01-22,FED-24MAY,2024-05-01,100,5.5,5.5,5.2014,5.25,5.205,5.25
2023-12-04,FED-24MAY,2024-05-01,149,5.5,5.5,5.24,5.5,5.2575,5.5
2023-12-04,FED-24JUN,2024-06-12,191,5.5,5.25,5.0738,5.25,5.095,5.5
2024-06-03,FED-24JUN,2024-06-12,9,5.5,5.5,5.49,5.5,5.485,5.5
2024-03-11,FED-24JUN,2024-06-12,93,5.5,5.25,5.2275,5.25,5.245,5.25
2024-04-22,FED-24JUN,2024-06-12,51,5.5,5.5,5.4339,5.5,5.445,5.5
2024-01-22,FED-24JUN,2024-06-12,142,5.5,5.0,4.99,5.25,4.9275,5.0
2024-01-22,FED-24JUL,2024-07-31,191,5.5,5.0,4.8925,5.25,4.855,4.75
2024-07-22,FED-24JUL,2024-07-31,9,5.5,5.5,5.4862,5.5,5.4825,5.5
2024-03-11,FED-24JUL,2024-07-31,142,5.5,5.25,5.0788,5.0,5.085,5.0
2024-06-03,FED-24JUL,2024-07-31,58,5.5,5.5,5.4789,5.5,5.4625,5.5
2023-12-04,FED-24JUL,2024-07-31,240,5.5,5.0,4.9988,4.75,5.0425,4.75
2024-04-22,FED-24JUL,2024-07-31,100,5.5,5.5,5.3962,5.5,5.3725,5.5
2024-07-22,FED-24SEP,2024-09-18,58,5.0,5.25,5.2538,5.25,5.235,5.25
2024-06-03,FED-24SEP,2024-09-18,107,5.0,5.25,5.3662,5.5,5.3475,5.5
2024-09-09,FED-24SEP,2024-09-18,9,5.0,5.25,5.1915,5.25,5.1925,5.25
2024-03-11,FED-24SEP,2024-09-18,191,5.0,5.0,4.91,5.0,4.9275,5.0
2024-04-22,FED-24SEP,2024-09-18,149,5.0,5.25,5.3075,5.5,5.275,5.5
2024-09-09,FED-24NOV,2024-11-07,59,4.75,5.0,4.8438,5.0,4.87,5.0
2024-03-11,FED-24NOV,2024-11-07,241,4.75,4.75,4.7875,4.75,4.78,4.75
2024-06-03,FED-24NOV,2024-11-07,157,4.75,5.25,5.3162,5.25,5.275,5.5
2024-10-28,FED-24NOV,2024-11-07,10,4.75,4.75,4.767,4.75,4.77,4.75
2024-07-22,FED-24NOV,2024-11-07,108,4.75,5.25,5.12,5.25,5.17,5.25
2024-04-22,FED-24NOV,2024-11-07,199,4.75,5.25,5.2412,5.25,5.175,5.25
2024-12-09,FED-24DEC,2024-12-18,9,4.5,4.5,4.5275,4.5,4.52,4.5
2024-10-28,FED-24DEC,2024-12-18,51,4.5,4.5,4.5574,4.75,4.595,4.75
2024-09-09,FED-24DEC,2024-12-18,100,4.5,4.75,4.4579,4.75,4.485,4.5
2024-04-22,FED-24DEC,2024-12-18,240,4.5,5.0,5.1,5.25,5.05,5.0
2024-07-22,FED-24DEC,2024-12-18,149,4.5,5.0,4.9362,5.0,4.9175,5.0
2024-06-03,FED-24DEC,2024-12-18,198,4.5,5.0,5.15,5.0,5.1075,5.5
2025-01-21,FED-25JAN,2025-01-29,8,4.5,4.5,4.4987,4.5,4.51,4.5
2024-10-28,FED-25JAN,2025-01-29,93,4.5,4.25,4.3762,4.5,4.335,4.25
2024-12-09,FED-25JAN,2025-01-29,51,4.5,4.5,4.4389,4.5,4.445,4.5
2024-06-03,FED-25JAN,2025-01-29,240,4.5,5.0,4.9738,5.0,4.98,5.0
2024-10-28,FED-25MAR,2025-03-19,142,4.5,4.0,4.2213,4.5,4.19,4.25
2025-03-10,FED-25MAR,2025-03-19,9,4.5,4.5,4.4838,4.5,4.4738,4.5
2024-12-09,FED-25MAR,2025-03-19,100,4.5,4.25,4.2625,4.25,4.255,4.25
2025-01-21,FED-25MAR,2025-03-19,57,4.5,4.5,4.4388,4.5,4.4162,4.5
2025-03-10,FED-25MAY,2025-05-07,58,4.5,4.5,4.3538,4.5,4.34,4.5
2024-10-28,FED-25MAY,2025-05-07,191,4.5,4.0,4.0981,4.25,3.73,4.25
2025-04-28,FED-25MAY,2025-05-07,9,4.5,4.5,4.4588,4.5,4.4575,4.5
2024-12-09,FED-25MAY,2025-05-07,149,4.5,4.25,4.0975,4.25,3.8175,3.5
2025-01-21,FED-25MAY,2025-05-07,106,4.5,4.5,4.3453,4.5,4.345,4.25
2025-03-10,FED-25JUN,2025-06-18,100,4.5,4.5,4.17,4.25,4.185,4.5
2025-01-21,FED-25JUN,2025-06-18,148,4.5,4.25,4.2575,4.25,4.0475,4.0
2025-04-28,FED-25JUN,2025-06-18,51,4.5,4.5,4.2975,4.5,4.285,4.5
2024-10-28,FED-25JUN,2025-06-18,233,4.5,3.75,3.9456,3.75,3.5812,3.0
2025-06-09,FED-25JUN,2025-06-18,9,4.5,4.5,4.4938,4.5,4.4875,4.5
2024-12-09,FED-25JUN,2025-06-18,191,4.5,4.0,3.9975,4.25,3.6338,3.0
2025-06-09,FED-25JUL,2025-07-30,51,4.5,4.5,4.4602,4.5,4.4625,4.5
2025-03-10,FED-25JUL,2025-07-30,142,4.5,4.25,4.1562,4.5,4.1275,4.5
2024-12-09,FED-25JUL,2025-07-30,233,4.5,4.0,3.9138,4.0,3.5588,3.0
2025-07-21,FED-25JUL,2025-07-30,9,4.5,4.5,4.4838,4.5,4.4775,4.5
2025-01-21,FED-25JUL,2025-07-30,190,4.5,4.25,4.1713,4.25,4.095,4.5
2024-10-28,FED-25JUL,2025-07-30,275,4.5,3.75,3.8913,4.25,3.5188,3.0
2025-04-28,FED-25JUL,2025-07-30,93,4.5,4.5,4.1237,4.25,4.1,4.0
2025-07-21,FED-25SEP,2025-09-17,58,4.25,4.5,4.3288,4.25,4.33,4.25
2025-04-28,FED-25SEP,2025-09-17,142,4.25,4.25,4.0075,4.25,4.0375,4.25
2025-09-08,FED-25SEP,2025-09-17,9,4.25,4.25,4.2175,4.25,4.2175,4.25
2025-03-10,FED-25SEP,2025-09-17,191,4.25,4.25,4.0188,4.25,4.02,4.25
2025-01-21,FED-25SEP,2025-09-17,239,4.25,4.0,4.1025,4.25,3.945,4.0
2024-12-09,FED-25SEP,2025-09-17,282,4.25,4.0,3.85,4.0,3.825,3.75
2025-03-10,FED-25OCT,2025-10-29,233,4.0,4.25,3.9625,4.25,3.96,4.25
2025-01-21,FED-25OCT,2025-10-29,281,4.0,4.0,4.1142,4.25,4.15,3.75
2025-10-20,FED-25OCT,2025-10-29,9,4.0,4.0,3.9988,4.0,3.995,4.0
2025-09-08,FED-25OCT,2025-10-29,51,4.0,4.0,4.015,4.0,4.045,4.0
2025-07-21,FED-25OCT,2025-10-29,100,4.0,4.25,4.1988,4.25,4.23,4.25
2025-12-01,FED-25DEC,2025-12-10,9,3.75,3.75,3.7862,3.75,3.79,3.75
2025-10-20,FED-25DEC,2025-12-10,51,3.75,3.75,3.7575,3.75,3.765,3.75
2025-09-08,FED-25DEC,2025-12-10,93,3.75,3.75,3.8825,4.0,3.9075,4.0
2025-07-21,FED-25DEC,2025-12-10,142,3.75,4.0,3.97,4.0,3.9625,4.0
2025-12-01,KXFED-26JAN,2026-01-28,58,3.75,3.75,3.7915,3.75,3.7125,3.75
2025-10-20,KXFED-26JAN,2026-01-28,100,3.75,3.75,3.7125,3.75,3.7625,3.5
2025-09-08,KXFED-26JAN,2026-01-28,142,3.75,3.75,3.85,4.0,4.05,4.0
2026-01-20,KXFED-26JAN,2026-01-28,8,3.75,3.75,3.75,3.75,3.7625,3.75
2026-01-20,KXFED-26MAR,2026-03-18,57,3.75,3.75,3.6686,3.75,3.655,3.75
2025-10-20,KXFED-26MAR,2026-03-18,149,3.75,3.5,3.6738,3.75,4.46,5.5
2025-09-08,KXFED-26MAR,2026-03-18,191,3.75,3.5,3.7925,4.0,4.1312,4.0
2026-03-09,KXFED-26MAR,2026-03-18,9,3.75,3.75,3.7462,3.75,3.75,3.75
2025-12-01,KXFED-26MAR,2026-03-18,107,3.75,3.5,3.6,3.75,3.665,3.75
2026-01-20,KXFED-26APR,2026-04-29,99,3.75,3.75,3.5775,3.75,3.5375,3.5
2025-12-01,KXFED-26APR,2026-04-29,149,3.75,3.5,3.62,3.5,3.6725,3.5
2026-04-20,KXFED-26APR,2026-04-29,9,3.75,3.75,3.7538,3.75,3.7575,3.75
2025-10-20,KXFED-26APR,2026-04-29,191,3.75,3.5,3.6112,3.75,3.685,3.5
2026-03-09,KXFED-26APR,2026-04-29,51,3.75,3.75,3.6974,3.75,3.7,3.75
2026-04-20,KXFED-26JUN,2026-06-17,58,3.75,3.75,3.7327,3.75,3.7375,3.75
2026-06-08,KXFED-26JUN,2026-06-17,9,3.75,3.75,3.7512,3.75,3.755,3.75
2026-04-20,KXFED-26JUL,2026-07-29,100,3.75,3.75,3.6662,3.75,3.6275,3.75
2026-06-08,KXFED-26JUL,2026-07-29,51,3.75,3.75,3.77,3.75,3.7875,3.75
2026-07-20,KXFED-26JUL,2026-07-29,9,3.75,3.75,3.7688,3.75,3.7725,3.75
2026-07-20,KXFED-26SEP,2026-09-16,58,4.0,3.75,3.8725,4.0,3.885,4.0
2026-06-08,KXFED-26SEP,2026-09-16,100,4.0,3.75,3.8331,3.75,3.8725,3.75
2026-04-20,KXFED-26SEP,2026-09-16,149,4.0,3.5,3.6165,3.75,3.61,3.75
