event_ticker,meeting_date,realized,p_1d,date_1d,reliable_1d,p_1w,date_1w,reliable_1w,p_1m,date_1m,reliable_1m
FED-21JUL,2021-07-26,0.25,0.995,2021-07-25,True,0.99,2021-07-19,True,,,
FED-21SEP,2021-09-20,0.25,0.995,2021-09-19,True,0.995,2021-09-13,True,0.975,2021-08-21,True
FED-21DEC,2021-12-14,0.25,0.99,2021-12-13,True,0.985,2021-12-07,True,,,
FED-22JAN,2022-01-26,0.25,0.955,2022-01-25,True,0.98,2022-01-19,True,0.905,2021-12-27,True
FED-22MAR,2022-03-16,0.5,0.91,2022-03-15,True,0.84,2022-03-09,True,0.535,2022-02-14,True
FED-22MAY,2022-05-04,1.0,0.905,2022-05-03,True,0.89,2022-04-27,True,0.7,2022-04-04,True
FED-22JUN,2022-06-15,1.75,0.805,2022-06-14,True,0.05,2022-06-08,True,0.08,2022-05-16,True
FED-22JUL,2022-07-27,2.5,0.89,2022-07-26,True,0.835,2022-07-20,True,0.72,2022-06-27,True
FED-22SEP,2022-09-21,3.25,0.905,2022-09-20,True,0.86,2022-09-14,True,0.47,2022-08-22,True
FED-22NOV,2022-11-02,4.0,0.96,2022-11-01,True,0.94,2022-10-26,True,0.59,2022-10-03,True
FED-22DEC,2022-12-14,4.5,0.98,2022-12-13,True,0.93,2022-12-07,True,0.48,2022-11-14,True
FED-23FEB,2023-02-01,4.75,0.965,2023-01-31,True,0.95,2023-01-25,True,0.64,2023-01-02,True
FED-23MAR,2023-03-22,5.0,0.78,2023-03-21,True,0.68,2023-03-15,True,0.855,2023-02-20,True
FED-23MAY,2023-05-03,5.25,0.92,2023-05-02,True,0.855,2023-04-26,True,0.605,2023-04-03,True
FED-23JUN,2023-06-14,5.25,0.95,2023-06-13,True,0.8,2023-06-07,True,0.82,2023-05-15,True
FED-23JUL,2023-07-26,5.5,0.985,2023-07-25,True,0.96,2023-07-19,True,0.73,2023-06-26,True
FED-23SEP,2023-09-20,5.5,0.98,2023-09-19,True,0.97,2023-09-13,True,0.87,2023-08-21,True
FED-23NOV,2023-11-01,5.5,0.98,2023-10-31,True,0.98,2023-10-25,True,0.735,2023-10-02,True
FED-23DEC,2023-12-13,5.5,0.99,2023-12-12,True,0.99,2023-12-06,True,0.89,2023-11-13,True
FED-24JAN,2024-01-31,5.5,0.99,2024-01-30,True,0.99,2024-01-24,True,0.95,2024-01-01,True
FED-24MAR,2024-03-20,5.5,0.99,2024-03-19,True,0.985,2024-03-13,True,0.96,2024-02-19,True
FED-24MAY,2024-05-01,5.5,0.99,2024-04-30,True,0.985,2024-04-24,True,0.925,2024-04-01,True
FED-24JUN,2024-06-12,5.5,0.99,2024-06-11,True,0.98,2024-06-05,True,0.93,2024-05-13,True
FED-24JUL,2024-07-31,5.5,0.97,2024-07-30,True,0.945,2024-07-24,True,0.935,2024-07-01,True
FED-24SEP,2024-09-18,5.0,0.54,2024-09-17,True,0.05,2024-09-11,True,0.15,2024-08-19,True
FED-24NOV,2024-11-07,4.75,0.9565,2024-11-06,True,0.8459,2024-10-31,True,0.78,2024-10-08,True
FED-24DEC,2024-12-18,4.5,0.96,2024-12-17,True,0.9369,2024-12-11,True,0.585,2024-11-18,True
FED-25JAN,2025-01-29,4.5,0.985,2025-01-28,True,0.99,2025-01-22,True,0.86,2024-12-30,True
FED-25MAR,2025-03-19,4.5,0.99,2025-03-18,True,0.98,2025-03-12,True,0.965,2025-02-17,True
FED-25MAY,2025-05-07,4.5,0.96,2025-05-06,True,0.91,2025-04-30,True,0.69,2025-04-07,True
FED-25JUN,2025-06-18,4.5,0.98,2025-06-17,True,0.96,2025-06-11,True,0.875,2025-05-19,True
FED-25JUL,2025-07-30,4.5,0.97,2025-07-29,True,0.955,2025-07-23,True,0.815,2025-06-30,True
FED-25SEP,2025-09-17,4.25,0.93,2025-09-16,True,0.82,2025-09-10,True,0.695,2025-08-18,True
FED-25OCT,2025-10-29,4.0,0.97,2025-10-28,True,0.92,2025-10-22,True,0.795,2025-09-29,True
FED-25DEC,2025-12-10,3.75,0.96,2025-12-09,True,0.93,2025-12-03,True,0.615,2025-11-10,True
KXFED-26JAN,2026-01-28,3.75,0.99,2026-01-27,True,0.95,2026-01-21,True,0.8192,2025-12-29,True
KXFED-26MAR,2026-03-18,3.75,0.99,2026-03-17,True,0.99,2026-03-11,True,0.905,2026-02-16,True
KXFED-26APR,2026-04-29,3.75,0.99,2026-04-28,True,0.985,2026-04-22,True,0.95,2026-03-30,True
KXFED-26JUN,2026-06-17,3.75,0.99,2026-06-16,True,0.99,2026-06-10,True,0.96,2026-05-18,True
KXFED-26JUL,2026-07-29,3.75,0.74,2026-07-28,True,0.73,2026-07-22,True,0.81,2026-06-29,True
KXFED-26SEP,2026-09-16,4.0,0.86,2026-09-15,True,0.53,2026-09-09,True,0.31,2026-08-17,True
